,artists,duration_ms,id,name,album.name,album.release_date,danceability,energy,key,loudness,mode,speechiness,acousticness,instrumentalness,liveness,valence,tempo,lyrics
0,The Weeknd,215626,5QO79kh1waicV47BqGRL3g,Save Your Tears,After Hours,2020,0.68,0.826,0,-5.487,1,0.0309,0.0212,1.24e-05,0.543,0.644,118.051,
1,Solera Orquesta,224106,1OhfBSn03Hye1441Ru4rFI,Procura Coquetearme Más,Desde el Mar,2014,0.592,0.755,8,-8.663,1,0.113,0.403,0.0,0.0853,0.937,199.685,
2,Nio Garcia,345240,6bvfJf4KjonPMuPfGfy3S2,La Jeepeta,Now Or Never,2020,0.814,0.714,4,-4.65,0,0.207,0.297,4.89e-06,0.091,0.789,176.013,
3,Videoclub,218706,7z2uCTo5Wu9CCMOGHeHSQN,Mai,Mai,2019,0.622,0.697,5,-8.666,1,0.0285,0.401,0.00163,0.339,0.315,105.005,"Paroles de la chanson Mai par Videoclub
[Matthieu Reynaud]
J'veux vivre et crier
Marcher longtemps dans les rues
Observer les gens muets
Dans la chaleur du soir les bras nus
Me nourrir uniquement de l'ennemi
D'ses défauts et d'sa folie
Puis recommencer deux jours plus tard
Faire ça toute ma vie
Monter en haut des toits
Faire des portraits d'mes amis
Parler à des gens que je connais pas
Et m'en tirer sans trop d'ennuis
Voilà c'est ça c'que j'veux
Des jours avec du soleil et de la pluie


[Adèle Castillon]
Pourrions-nous revenir sur cette histoire
Oui c'est bon, j'avoue, j'aurais dû te croire
Et pourrions-nous revenir sur cette histoire ?
Oui c'est bon, j'avoue, j'aurais dû te croire

[Adèle Castillon]
M'envoler dans la pluie
Déchirer mes copies
Échanger ces regards et pouvoir rentrer très tard
J'aurais dû sauver le jour pour t'offrir la nuit
Tes yeux regards hagards, essaye j'ai ma part
J'aurais pu, j'aurais dû
Oublier, voir l'été
Entre tes doigts
Moi je les vois
Les couleurs d'autrefois


[Adèle Castillon]
Pourrions-nous revenir sur cette histoire
Oui c'est bon, j'avoue, j'aurais dû te croire
Et pourrions-nous revenir sur cette histoire ?
Oui c'est bon, j'avoue, j'aurais dû te croire
Hmm hmm hmm, hmm hmm hmm
Hmm hmm hmm, hmm hmm hmm
Hmm hmm hmm, hmm hmm hmm
Hmm hmm hmm, hmm hmm hmm

[Adèle Castillon]
Pourrions-nous revenir sur cette histoire
Oui c'est bon, j'avoue, j'aurais dû te croire
Et pourrions-nous revenir sur cette histoire ?
Oui c'est bon, j'avoue, j'aurais dû te croire et

[Matthieu Reynaud]

Pourrions-nous revenir sur cette histoire
C'est bon, j'avoue, j'aurais dû te croire

[Matthieu Reynaud & Adèle Castillon]
J'veux plus écouter, j'veux pas m'poser d'questions
La nuit dans les soirées j'continuerai à faire le con
J'veux pas demander, j'veux plus donner raison
Traitez-nous d'révoltés on en écrira des chansons !
J'veux plus écouter j'veux pas me poser de questions
La nuit dans les soirées j'continuerai à faire le con
J'veux pas demander, j'veux plus donner raison
Traitez-nous d'révoltés, on en écrira des chansons !


[ Adèle Castillon]
Hmm hmm hmm, hmm hmm hmm
Hmm hmm hmm, hmm hmm hmm
Hmm hmm hmm, hmm hmm hmm
Hmm hmm hmm, hmm hmm hmm"
4,Videoclub,225253,28zSA1yhGkpqT6SX5GROKn,Roi,Roi,2018,0.701,0.375,9,-12.787,1,0.041,0.57,0.00206,0.1,0.253,107.984,"T'en trouvera d'autres des mecs comme moi
Il y en aura plein des gars pour toi
Tes boucles brunes s'évaporent
Dans mon âme, dans mon corps
Je te cherche dans mes songes
Je te traque dans mes rêves

À l'aube ou dans mon ombre errant veine ur tes lèvres

écorchant les abîmes de mon coeur

écarlate tu n'est que le point fixe de mes songes disparates

Aime moi dans la neige

Aime moi sous le soleil

Aime moi la peau beige

Dans les fleurs de vermeille

Je vois des gens qui t'envient,

je vois des gens qui me sourient mais moi je plane dans la rue

Dans tes yeux, sous la pluie

Et je reste l'esprit de tes lointains souvenirs

Dans mes songes ensevelis, tes larmes, tes rires.

Tu es ma femme iconique.

Tu es mon rubis saphir.

Je suis ta rose lyrique.

Je suis ces gens qui t'admirent

Aime moi dans la neige

Aime moi sous le soleil

Aime moi la peau beige

Dans les fleurs de vermeille

Aime moi dans la neige

Aime moi sous le soleil

Aime moi la peau beige

Dans les fleurs de vermeille

Des jours j'erre en fuyant la nuit j'parcours ta peau

Je parcours la ville

La fumée sortie de ta bouche file s'échappe de jours

En jours quand j'me réveille dans la nuit

Je suis seule sous mes vices

Je t'aime quand il pleut tu es la nymphe de mes voeux

Je t'embrasse dans mes rêves et je t'aime au bout des lèvres

Je déteste le goût mièvre de leur bouches de leurs rêves

Dans la nuit tu me regardes.

Sous les nuages je divague

Avec toi je suis roi,

Toi je suis roi, toi je suis roi, toi je suis roi

Aime moi dans la neige

Aime moi sous le soleil

Aime moi la peau beige

Dans les fleurs de vermeille

Aime moi dans la neige

Aime moi sous le soleil

Aime moi la peau beige

Dans les fleurs de vermeille

Je suis un garçon de la nuit

Moi je laisse tomber les filles

Je n'aime que tes bas résilles

Qui dans mes pensées grésillent

Je suis un garçon de la nuit

Moi je laisse tomber les filles

Je n'aime que tes bas résilles

Qui dans mes pensées grésillent

Aime moi dans la neige

Aime moi sous le soleil

Aime moi la peau beige

Dans les fleurs de vermeille

Aime moi dans la neige

Aime moi sous le soleil

Aime moi la peau beige

Dans les fleurs de vermeille"
5,girl in red,143355,00gLisxOrLruNwJFdpkHc2,forget her,we fell in love in october / forget her,2018,0.533,0.313,2,-16.827,1,0.033,0.631,0.681,0.072,0.517,148.926,
6,The Strokes,196133,0J2OnBNKwt0KICDyDFPUvl,Take It Or Leave It,Is This It,2001,0.429,0.924,2,-6.131,0,0.0406,0.000542,0.353,0.104,0.484,154.104,"Paroles de la chanson Take It Or Leave It par The Strokes
Leave me alone
I'm in control
I'm in control 
And girls act too much
And boys act too tough
Enough is enough
Were on the minds of other men I know she was

I said just take it or leave it
And take it or leave it
And take it or leave it
And take it or leave it
Oh just take it or leave it 
And take it or leave it
Oh take it


I say, he's gonna let you down
He's gonna let you down
He's gonna let you down
And gonna break your back, for a chance
And gonna steal your friends, if he can
He's gonna win someday

I fell off the track
Now I can't go back
I'm not like that
Boys act too much
Girls act too tough
Enough is enough. 
Well on the minds of other girls I know he was.

I said just take it or leave it
And take it or leave it
And take it or leave it

And take it or leave it
Oh just take it or leave it
And take it or leave it
Oh take it

Oh that's right, he's gonna let you down
He's gonna let you down
He's gonna let you down. 
And gonna break your back, for a chance
And gonna steal your friends, if he can 
He's gonna win someday
Oh he will"
7,The Strokes,208306,1EsgUWQsxGBwnu3NATDjiU,The Modern Age,Is This It,2001,0.53,0.89,2,-6.042,1,0.0328,0.0124,0.759,0.143,0.868,145.958,"Up on a hill, here's where we begin
This little story, long time ago
Stop to pretend, stop pretending
It seems this game is simply never ending
Ah in the sun, sun having fun it's in my blood

I just can't help it, don't want you here right now

Let me go

Let me go go go go go go go go



Leaving just in time, stayed there for a while

Rolling in the ocean, trying to catch her eye

Work hard and say it's easy, do it just to please me

Tomorrow will be different, so I'll pretend I'm leaving



I feel so different now, we tried to deviate

We should learn to stay

My vision's clearer now but I'm not afraid

Flying overseas, no time to feel the breeze

I took too many varieties



Ah in the sun, sun having fun it's in my blood

I just can't help it, don't want you here right now

Let me go

Let me go go go go go go go go



Leaving just in time, stayed there for a while

Rolling in the ocean, trying to catch her eye

Work hard and say it's easy, do it just to please me

Tomorrow will be different, so I'll pretend I'm leaving"
8,Jowell & Randy,212010,0cRgJuB6TRtb5RZ2HkjSLh,Anaranjado,Viva el Perreo,2020,0.763,0.58,8,-6.196,1,0.144,0.0466,1.6e-05,0.154,0.608,175.937,
9,ChiChi Peralta,271031,2q9udNV9NK0BL3q9p6TLxf,Procura,Pa' Otro La 'O,1997,0.805,0.757,8,-7.46,1,0.0355,0.279,0.000839,0.101,0.973,102.14,"Procura seducirme muy despacio 
y no reparo todo lo que en el año te hare 
procura caminarme ya 
como ola en el mar 
y te aseguro que me hundo para siempre en tu rodar 


quizas convenga que te alejes, quizas 

me domina la tentacion 

de imaginar que estoy tan cerca de ti 

tan cerca sin poder resistir 



procura coquetearme mas 

y no reparo de lo que te hare 

procura ser parte de mi 

y te aseguro que me hundo en ti 

procura no mirarme mas 

y no sabras de que te perderas 

es un dilema del que tu y yo podemos escapar 



procura coquetearme mas 

y no reparo de lo que te hare 

procura ser parte de mi 

y te aseguro que me hundo en ti 

procura no mirarme mas 

y no sabras de que te perderas 

es un dilema del que tu y yo podemos escapar 



procura coquetearme mas 

y no reparo de lo que te hare 



procura ser parte de mi 

y te aseguro que me hundo en ti 



procura no mirarme mas 

y no sabras de que te perderas 

es un dilema del que tu y yo podemos escapar 



procura mujer que se aceleran mis latidos 

procura mujer 

procura mujer y te aseguro que me hundo en ti 

procura mujer 



mi corazon se acelera 

por que tu dia te llega 

sabes que hay luna llena 



(procura mujer que se aceleran mis latidos 

procura mujer) 



ir acercando tus labios 

y coquetearme despacio 

(procura mujer ) 

que yo caiga en tus brazos 



(procura mujer que se aceleran mis latidos 

procura mujer) 



(procura mujer y te aseguro que me hundo en ti 

procura mujer) 



ir acercando tus labios 

y coquetearme despacio 

(procura mujer) 

que yo caiga en tus brazos 



(procura mujer que se aceleran mis latidos 

procura mujer) 



mi corazon se acelera 

por que tu dia te llega 

sabes que hay luna llena 



(procura mujer que se aceleran mis latidos 

procura mujer) 



(procura mujer y te aseguro que me hundo en ti 

procura mujer) 



procura coquetearme mas 

y no reparo de lo que te hare."
10,The Strokes,185560,0dy6iXYIF0piirySAzCBwF,The End Has No End,Room On Fire,2003,0.531,0.66,1,-3.725,1,0.0335,0.000833,0.855,0.226,0.533,136.027,"Paroles de la chanson The End Has No End par The Strokes
One by one, ticking time bombs won
It's not the secret of the government
That's keeping you dumb
Oh, it's the other way around - wait...
What's that sound?
One by one, baby, here they come.

He wants it easy; he want it relaxed
Said I can do alot of things, but I can't do that
Two steps forward, then three steps back
...Alright

""Won't you take a walk outside?""
-Oh no.
""Can't you find some other guy?""
-Oh no.

""1 9 6 9 what's that sound?""
-Oh no.
Keeping down the underground

Oh no...

The end has no end
The end has no end
The end has no end
The end has no end ...

He want it easy; he want it relaxed
Said I can do alot of things, but I can't do that
Two steps forward, then three steps back
It won't be easy

""Won't you take a walk outside?""
-Oh no.

""Can't you find another guy?""
-Oh no.
""1 9 6 3 what's that sound?""
-Oh no.
Keeping down the underground

Oh no...

The end has no end
The end has no end
The end has no end
the end has no end
The end has no end
The end has no end
The end has no end
The end has no end..."
11,J Balvin,322906,4jKX16TcfQIrqY1ZzDIZb2,Bonita - Remix,Bonita (Remix),2017,0.796,0.91,10,-0.39,0,0.0412,0.0107,4.43e-05,0.132,0.554,95.998,"(Dayme & El High)
This is the remix
Ella se tarda arreglándose un par de horas
Llama a su amiga, no le gusta salir sola
Y de la noche, dejarse llevar, oh
N.I.C.K., Los Lideres



Mami tu cuerpo una bendición

Pero me da una mala intención

Contigo quiere entrar en acción

Venga bailemos esta canción

Caliente, así se pone cuando el ritmo lo siente

Y no le importa que la mire to’ la gente

No dice nada, pero su cara no miente

Ihehehe



(The Remix)

Se pone caliente cuando escucha este perreo

Y yo también me pongo caliente si la veo

Ella es tan bonita, por ahí tan solita

Con esa cinturita, bailándome cerquita



(Ozuna)

Muévete ma' que la rumba empieza

Pero no lo pares, dale con certeza

Que tu amiga admire su naturaleza

Va segura se me jala la mano y me besa

Muchachita muy bonita colombianita

Eres lo que el negro necesita

Chiquita te me agarra por la cinturita

Y te me pego mami

Vamo’ a bailarlo como que se acabe el mundo hoy

Tu a mi me miras a los ojos y ya sabes lo que doy

Vamo’ a bailarlo como que se acabe el mundo hoy

Tu a mí me quieres yo te quiero pero solamente hoy



(Señores, Terminator)

Baby un, dos, tres, báilame otra vez

Le pregunto si quieres, me dices (Yes, yes)

Amigos y novios a la vez, hoy es noche de sex

Vamos a escaparnos un mes

Perreo, someteo, me caliento si te veo

Al noviecito tuyo, yo no se la creo

El rompe bocinas, te pillo en la esquina

Baby ponte fina, llegó el que te domina

Yo sé que tú, le das duro, contra el muro

Baby sácame de apuro y anuro

Perrero del duro y ella me grita (Papi dame duro)



Se pone caliente cuando escucha este perreo

Y yo también me pongo caliente si la veo

Ella es tan bonita, por ahí tan solita

Con esa cinturita, bailándome cerquita



(Yandel)

Me pongo caliente, cuando bailando la veo

Con esa carita bonita sé que yo coja vuelo

De esta rumba tú no te vas, dile a tu amiga que si se va

Que nos deje sola en una nota loca, así te quiero pa’ mi na mas

Se ve atractiva y a la vez adictiva

Como que le gusta el peligro yo la tengo en la mira



Que se preparen pa' la fiesta

Que la cintura darle vela

Ma', pégate al frente y que suba esa tela

Que esto está afinca'o hasta que a ti te duela

Tú eres mi bebé, no te me salgas de al frente

Báilalo fuerte ¿qué importa la gente?

Algarete, no importa la gente

To' eso es pa' mí, bailando te di fuete

No hay más na', te diré

Y esto no para hasta que estés sin conciencia

Que quite la paciencia y te sueltes las piernas

Hoy vamo' a meterte

Chula, tú tienes esa adicción que me pone y me tiene



Se pone caliente cuando escucha este perreo

Y yo también me pongo caliente si la veo

Ella es tan bonita, por ahí tan solita

Con esa cinturita, bailándome cerquita



Mami quiero verte, me tienes daña’a la mente

Del uno al diez, yo te doy veinte

Pa’ que te deleites, un remix del perreo bien fuerte

Y no importa que no sea decente

Mami te quiero cerquita, tocándote el pelo y esa cinturita

Te ves tan bonita y a la vez loquita

Pero yo soy tu loco en tu juego de diablita



(J Balvin)

Ella pide que la toque, a veces que la bese

Me manda razones, que cuando amanece

Está bien encendía, te tengo en la mira

Fiera de noche, una santa de día

Baby, el ritmo se adueña de tu piel

A ti te gusta y a mí también

Que nos pasemos las noches dándole

Baby, el ritmo se adueña de tu piel

A ti te gusta y a mí también

Que nos pasemos las noches dándole



Oye esto

Jowell & Randy

El negrito ojos claro

J Balvin

N.I.C.K, Nicky, Nicky, Nicky Jam

Yandel, Los Lideres

Dayme & El High

El Saybor

Háblame, Ronald

Kapital Music"
12,Kaiser Chiefs,202800,0VhhaYztcRWc7PEjJCjr1g,Ruby,"Yours Truly, Angry Mob (Deluxe)",2007,0.443,0.934,5,-3.398,0,0.0501,0.00604,6.66e-06,0.0779,0.401,93.43,"Let it never be said that romance is dead 
cos' there's so little else occupying my head 
There is nothing I need, cept the function to breathe 
But I'm not really fussed doesn't matter to me 
Ruby Ruby Ruby Ruby 

Do ya do ya do ya do ya 

Know what you're doing, doing to me 

Ruby Ruby Ruby Ruby 



Due to lack of interest 

tomorrow is cancelled 

let the clocks be reset and the pendulums held 

cos' theres nothing at all cept' the space in between 

Finding out what you're called and repeating your name 



Ruby Ruby Ruby Ruby 

Do ya do ya do ya do ya 

Know what you're doing, doing to me 

Ruby Ruby Ruby Ruby 



Could it be could it be that you're joking with me 

And you don't really see you with me 

Could it be could it be that you're joking with me 

And you don't really see you with me 



Ruby Ruby Ruby Ruby 

Do ya do ya do ya do ya 

Know what you're doing, doing to me 

Ruby Ruby Ruby Ruby 

Do ya do ya do ya do ya 

what you're doing, doing to me"
13,Arctic Monkeys,191040,2QUlMbvD9bL8wHqfsoqoet,Stop The World I Wanna Get Off With You,Why'd You Only Call Me When You're High?,2013,0.661,0.73,6,-6.779,0,0.0574,0.0537,3.44e-05,0.14,0.53,95.027,"Open Sesame. 
(We've places to go)
We've people to see. 
(Let's put 'em on hold)
There's all sorts of shapes, that I bet you can make...

When you want to escape say the word.



Well I know that getting you alone isn't easy to do.

With the exception of you I dislike everyone in the room,

And I don't wanna lie, but I don't wanna tell you the truth.

Get the sense that you're on the move,

And you'll probably be leaving soon, so I'm telling you.



Stop the world cause I wanna, get off, with you.

Stop the world cause I wanna, get off, with you.



Eyes the colour of, 

(Water left in ?)

Ice and sugar dust. (Crazy green flashes)

It's a funny thing, that I cannot explain,

Don't you know the train keeps a-rolling?



Stop the world cause I wanna, get off, with you.

Stop the world cause I wanna, get off, with you.



Well I know that getting you alone isn't easy to do.

And I don't wanna lie, and I don't wanna tell you the truth.

And I know we got places to go, we got people to see.

Think we both oughta put 'em on hold and I know you agree.



Stop the world cause I wanna, get off, with you.

Stop the world cause I wanna, get off, with you."
14,girl in red,151693,2zPcVDSpYNVKQ5c7jR7MXj,summer depression,summer depression,2018,0.691,0.306,9,-15.651,1,0.0544,0.632,0.479,0.108,0.62,129.929,"Depression
Teenage suicide
Why girls?
Emotional
Social anxiety

Pretty face with pretty bad dreams

No one knows I cry in my sleep

Waking up feeling like shit

It’s a normal thing to feel like this



I don’t care

I’m feeling down

I wanna stay home

Never go outside

Summer depression comes every year

I just want to disappear (depression)



Summer depression

There’s so much time to question my life

Summer depression

It’s my

Summer depression



My worst habit

Is my own sadness

So I stay up all night

Wondering why I'm so tired all the time



All my friends are doing things

It’s good for them

But I’m nothing

Summer depression comes every year

I just want to disappear (depression)



Summer depression (why?)

There’s so much time to question my life

Summer depression

It’s my

Summer depression



Teenage suicide

Why girls?

Emotional

Social anxiety

Depression



Summer depression

There’s so much time to question my life

Summer depression

It’s my

Summer depression

Depression"
15,Bad Bunny,286040,6C1RD7YQVvt3YQj0CmuTeu,Diles,Diles,2016,0.813,0.56,2,-5.904,0,0.0618,0.108,0.0,0.268,0.287,118.033,"Prende otro phillie bebé
Que ya mismo éste se apaga
Vamos para el cuarto polvo
Ya esto es una saga
Dice que le gusta hacerlo con mis temas de trap
Y si te preguntan por qué pa' el sexo yo soy tu fav



Diles, que yo me se tus poses favoritas

Que te hablo malo y que eso te excita

Que te hago todo lo que necesitas

Pa' hacerte venir



Diles, que yo me se tus poses favoritas

Que te hablo malo y que eso te excita

Que te hago todo lo que necesitas

Pa' hacerte venir



Vamos a hacerlo dentro del carro y pichea el hotel

Que tengo ganas bebé y no hay tiempo para perder

Cristales tintiao', nadie nos va a ver

Estamos bellacos y queremos meter

Tu y yo solitos dale apaga el cel

Que te voy a hacer lo que no te hace él

Y wow! Los cristales del carro se empañan

Tu carita de angel me engaña

Yo soy sano pero tu me dañas

Y wow! Prendi un kreepy y se puso lucia

Me dio un blowjob mientras conducia

Se trepo y me seducia

Diles a estos bobos que no se comparen

Si ellos son Lexus, yo soy un McLaren

Siempre de Polo Ralph Lauren

Con gotas pa' que los ojos se aclaren

El aire prendido y como quiera hace calor

Si te preguntan por qué es que yo te chingo mejor, baby...



Diles, que yo me se tus poses favoritas

Que te hablo malo y que eso te excita

Que te hago todo lo que necesitas

Pa' hacerte venir



Diles, que yo me se tus poses favoritas

Que te hablo malo y que eso te excita

Que te hago todo lo que necesitas

Pa' hacerte venir



Tu y yo haciéndolo nos vemos cabron

Dale bebé, quitate el mahon

Que ya yo eché pa' tras el sillon

Vamo' a hacerlo en el capsulon

Se transforma cuando ella ve humo (cuando ella ve humo!)

Me dice que como yo no hay ninguno (Woh!)

Nunca quiere que esto se termine

Pero después de dos horas pregunta que si ya me vine

Hacemos de to', nunca te limitas

Tu misma lo pones, me lo facilitas

Me encanta cuando me aruñas y me gritas

Me encanta que dures, nunca te me quitas

Hot pants de Victoria's, conmigo los estrena

Besos, mordidas, palabras obscenas

Ella no es actriz porno, pero conmigo hace pal' de escenas

Ella fuma y chinga desde la high

Siempre jangueando a escondidas del pai'

Tiene un mahon que no es de su size

Y yo loco de hacerle un creampie

Todos le tiran, pero siempre en vano

Todos le tiran, pero yo soy el que siempre le gano



Diles, que yo me se tus poses favoritas

Que te hablo malo y que eso te excita

Que te hago todo lo que necesitas

Pa' hacerte venir



Diles, que yo me se tus poses favoritas

Que te hablo malo y que eso te excita

Que te hago todo lo que necesitas

Pa' hacerte venir"
16,Lucas & Steve,187073,3m0BCyPaS5BN5iQgtdPr0u,Perfect (feat. Haris),Perfect (feat. Haris) [LUM!X Remix],2019,0.723,0.87,6,-4.96,1,0.0354,0.00266,3.5e-06,0.0581,0.509,127.932,
17,Alex Rose,259600,1bRpSCFv6P2OUhciByeRYR,Jangueo,LOST,2019,0.861,0.678,8,-4.157,0,0.0536,0.253,2.42e-05,0.106,0.723,103.994,"Yo no se si tú estás aborrecía
Hay algo que no puedo entender
Antes conmigo te amanecías, y ahora casi ni te dejas ver...
Ya no te veo en el mismo jangueo, me acuerdo aquellas noches que eran de perreo
A que le estás huyendo,

Vamo' de nuevo, a veces pienso que tienes alguien nuevo



Porque ya no te veo en el mismo jangueo, me acuerdo aquellas noches que eran de perreo

A que le estás huyendo,

Vamos de nuevo, a veces pienso que tienes alguien nuevo



Ye ye ye ye



Baby háblame claro dime, antes salías pata' abajo conmigo los fines, hey

Ahora dí que eres de tu casa,

Dime que te pasa, estan pidiendo calle esos ""jeenes""



Ese booty no tiene dueño, déjate de eso yo no se cual es tu empeño.

Sal de tu casa pa' que se te vaya el sueño

Vamo' a fumar, prendemos un leño



Baby hoy es tu día, olvida las penas, sal con tus amigas, siéntete bien buena y...

Lo que tú querías, sol playa y arena

Donde estas metía porque...



Ya no te veo en el mismo jangueo, me acuerdo aquellas noches que eran de perreo

A que le estás huyendo

Vamo' de nuevo, a veces pienso que tienes alguien nuevo



Porque ya no te veo en el mismo jangueo, me acuerdo aquellas noches que eran de perreo

A que le estás huyendo

Vamos de nuevo, a veces pienso que tienes alguien nuevo



Ye ye ye ye



Desde hace tiempo que no te veo (no te veo ye) desde hace tiempo que no se de tí, ohh ohh ohh

Dime si tienes alguien nuevo (dime dime)

Y si con el te olvidaste de mí



Sigo pensándote no te olvido, aquí esperándote mujer sigo, gracias por todo el tiempo perdido

Por como fuiste debí haber sido. Frío, en nadie confío, de nadie me fijo

Mejor vacilo por amar salí jodío



Baby hoy es tu día, olvida las penas, sal con tus amigas, siéntete bien buena y...

Lo que tú querías, sol playa y arena

Donde estas metía porque...



Porque ya no te veo en el mismo jangueo

Extraño aquellas noches que eran de perreo

A que le estás huyendo, vamos de nuevo

A veces pienso que tienes alguien nuevo



Porque ya no te veo en el mismo jangueo, me acuerdo aquellas noches que eran de perreo

A que le estás huyendo

Vamos de nuevo, a veces pienso que tienes alguien nuevo



Ye ye ye



Porque ya no te veo en el mismo jangueo...



Ya



Alex Rose el nuevo rockstar



Rafa Pabon



Ye



Lost Lost



Mera dime JX el Ingeniero



Yo siempre ando con los oídos fresh bebe



D-Note the beatllionare



Mera Dime Anton



Ye ye



Giova, Giova Kartoons"
18,The Strokes,163226,5MPryR3oJGmWnSYM7X2GGE,50/50,Comedown Machine,2013,0.491,0.93,11,-6.412,0,0.0347,4.23e-05,0.612,0.219,0.623,99.924,
19,Big Time Rush,201040,5E9CeQTevMVg2nVOomIgiE,Boyfriend,BTR,2011,0.614,0.854,1,-4.171,0,0.0865,0.0949,0.0,0.124,0.627,164.126,"Your boy boy b-b-b-b-b-boyfriend
Your boy boy b-b-b-b-b-boyfriend
Your boy boy b-b-b-b-b-boyfriend
Your boy boy b-b-b-b-b-boy...
Have you ever had the feeling you're drawn to someone?

(Yeah)

And there isn't anything they could of said or done?

And everyday I see you on your own

And I can't believe that you're alone

But I overheard your girls and this is what they said



Looking for a

Looking for a

That you're looking for a boyfriend

I see that

Give me time, you know I'm gonna be there

Don't be scared to come put your trust in me

Can't you see all I really want to be

Is your boyfriend

Can't fight that

Let me down you know I'm coming right back

I don't care at all what you done before

All I really want is to be your



Your boy boy b-b-b-b-b-boyfriend

Your boy boy b-b-b-b-b-boyfriend

Your boy boy b-b-b-b-b-boyfriend

Your boy boy b-b-b-b-b-boyfriend



Let me take a little moment to find the right words

(to find the right words)

So when I kick it you it ain't something that you've heard

(something that you've heard)

I don't know what kind of guy that you prefer

But I know I gotta put myself not first

See I think got the kind of love that you deserve And I heard



That you're looking for a boyfriend

I see that

Give me time, you know I'm gonna be there

Don't be scared to come put your trust in me

Can't you see all I really want to be

Is your boyfriend

Can't fight that

Let me down you know I'm coming right back

I don't care at all what you done before

All I really want is to be your



Your boy boy b-b-b-b-b-boyfriend

Your boy boy b-b-b-b-b-boyfriend

Your boy boy b-b-b-b-b-boyfriend

Your boy boy b-b-b-b-b-boyfriend



If you tell me where, I'm waiting here

Everyday like slum-dog millionaire

Bigger then the twilight love affair

I'll be here

Girl I swear



Looking for a

Looking for a

That your looking for a boyfriend

I see that

Give me time, you know I'm gonna be there

Don't be scared to come put your trust in me

Can't you see all I really want to be

Is your boyfriend

Can't fight that

Let me down you know I'm coming right back

I don't care at all what you done before

All I really want is to be your



Your boy boy b-b-b-b-b-boyfriend

Your boy boy b-b-b-b-b-boyfriend

(Your boyfriend)

Your boy boy b-b-b-b-b-boyfriend

(All I really want is to be your)

(Your boyfriend)

Your boy boy b-b-b-b-b-boyfriend

Your boy boy b-b-b-b-b-boyfriend

Your boy boy b-b-b-b-b-boyfriend

(Yeah)

(All I really want is to be your)

Your boy boy b-b-b-b-b-boyfriend

Your boy boy b-b-b-b-b-boyfriend

Your boy boy b-b-b-b-b-boyfriend



All I really want is to be your...."
20,The Hives,127066,3wpl4j2XVzlrKg1DT7yMuu,1000 Answers,Lex Hives,2012,0.449,0.975,7,-3.578,1,0.0632,0.00113,5.14e-06,0.303,0.825,92.756,"If you lead a lonely, lonely life - You gotta be aware !
And if you been constatly asking why - You gotta be aware !
Cause you got nothing to say, God knows you got nothing to say
I'm on the phone for much too long, dial happiness today !
If you got an all consuming need - You gotta be aware !

And if you heart or lung disease - You gotta be aware !

Cause you got bills to pay, God knows you got bills to pay

Pick up the phone, the telephone dial hapiness today !



You wanna live a life great - You gotta be aware !



I got a thousand answers one's gotta be right

Give a thousand chances and I'll get it right



And if you're fed up with all the lies - You gotta be aware !

Then I'll give you all the whens and whys - You gotta be aware !

Cause you got nothing to say, God knows you got nothing to say

I'm on the phone for much too long, dial happiness today !



You want to live a life great - You gotta be aware !



I got a thousand answers one's gotta be right

Give a thousand chances and I'll get it right

I got a thousand answers one's gotta be right

Give a thousand chances and I'll get it right

I got a thousand answers one's gotta be right

I got a million answers one's gotta be right

Got a gazillon answers one's gotta be right 



(Grazie a Gianni per questo testo)"
21,Maelo Ruiz,292920,2ozSogNm6z9G2Uv6a9iji4,Te Va A Doler,En Tiempo De Amor,2003,0.606,0.839,8,-4.39,1,0.0456,0.404,0.0,0.27,0.727,177.668,"Una pena que tu seas así,
Que no te guste ser llevada por la buena
No entiendo como tu pretendes ser feliz
Con ese idiota que te trata como a una cualquiera
Se que algún día

Te hará falta mi amor

Y no lo digo por despecho aunque parezca

Te equivocaste al elegir entre el y yo

Pero te vas arrepentir la vida entera



Te va doler, tarde o temprano ya veras lo que te toca

Cuando tu piel ya no le existe y te abandone

O al descubrir con amargura

Que tiene a otra



Te va doler como me esta doliendo ahora

Que me dejas

Pero este amor no ha de durarme para siempre

Y te lo advierto de una vez

Mejor ni vuelvas



Se que algún día te hará falta mi amor

Y no lo digo por despecho aunque parezca

Te equivocaste al elegir

Entre el y yo

Pero te vas arrepentir la vida entera



Te va doler, tarde o temprano ya veras lo que te toca

Cuando tu piel ya no le existe y te abandone

O al descubrir con amargura que tiene a otra



Te va doler, como me esta doliendo ahora que me dejas,

Pero este amor no ha de dorarme para siempre

Y te lo advierto de una vez

Mejor ni vuelvas



Y yo se que te va doler

Tarde o temprano ya veras lo que te toca

Cuando tu piel no le existe, cuando te bese la boca



Y yo se que te va doler

Como me esta doliendo ahora que me dejas que me dejas

Y así que no te importa



Y yo se que te va doler

Se que algún día te voy hacer falta

Mi amor



Y yo se que te va doler

Te equivocaste al elegir,

Tu te vas arrepentir

Y así no podrás vivir

Sabiendo que la pena te ahoga



Y yo se que ta va doler

Porque este amor no ha de durarme

Para siempre"
22,Videoclub,209893,5KllS104S4o35cJ9yrnE60,Petit monde,Euphories,2021,0.645,0.713,1,-8.162,0,0.032,0.0315,0.000426,0.0775,0.309,100.055,
23,Videoclub,195586,2t21BOjWID8CUXCup4XXZ1,Suricate,Euphories,2021,0.764,0.482,3,-9.801,1,0.0337,0.331,0.00185,0.0976,0.579,123.009,
24,Luis Miguel,191973,1uKjQoh8JZj9ryuYRhpd7E,Ahora Te Puedes Marchar,Soy Como Quiero Ser,1987,0.78,0.877,6,-3.683,0,0.0427,0.148,2.36e-06,0.0627,0.909,133.263,"Si tu me hubieras dicho siempre la verdad.
Si hubieras respondido cuando te llamé.
Si hubieras amado cuando te amé.
Serias en mis sueños la mejor mujer
Si no supiste amar, ahora te puedes marchar.

Si tu superas lo que yo sufrí por ti

Teniendo que olvidarte sin saber por qué

Y ahora me llamas, me quieres ver.

Me juras que has cambiado y piensas en volver.

Si no supiste amar ahora te puedes marchar.



Aléjate de mi, no hay nada más qué hablar

Contigo yo perdí, ya tengo con quién ganar.



Ya se que no hubo nadie

Que te diera lo que yo te di

Que nadie te ha cuidado come te cuidé.

Por eso comprendo que estás aqui

Pero ha pasado el tiempo y yo también cambié

Si no supiste amar, ahora te puedes marchar.

Si no supiste amar, ahora te puedes marchar."
25,J Balvin,243560,2joKSGkqac0LIwYG9Ghrwq,Si Tu Novio Te Deja Sola,Si Tu Novio Te Deja Sola,2017,0.718,0.46,3,-9.498,0,0.0711,0.519,0.0,0.0981,0.52,121.927,"J Balvin 
Bad Bunny 
Yo vivo día y noche pensando en ti 
Y tú perdiendo el tiempo con él 
Dime donde estas que yo te quiero ver 



Si tu novio te deja sola 

Dimelo y yo paso a buscarte

Solo me bastaran un par de horas 

Ese cabrón no va a recuperarte 



Si tu novio te deja sola 

Dimelo y yo paso a buscarte 

Solo me bastaran un par de horas 

Ese cabrón no va a recuperarte 



Un culito así no se encuentra en eBay 

Esto bicho es tuyo te lo tengo en aiway 

Más ninguna tiene break 

Yo soy un pitcher, pero a ti te vo' a hacer doble play 

Yo se que eres fina, pero en la cama Sasha Gray 

Fumando y bebiendo grey 

Lo siento por Casper, pero J Lo se va con Drake 



Te llevo pa' New York un fin de semana 

Un polvo antes de acostarte otro por la mañana 

Hay un chorro e' bobos que te tienen ganas 

Pero diles que tú eres del rey como Lana 



Yo siempre me maltrato 

Viendo tus videos y tus retratos 

Dile a tu novio que ya se le venció el contrato 

Mi buzón de Whats los arrebato 



Si tu novio te deja sola 

Dimelo y yo paso a buscarte

Solo me bastaran un par de horas 

Ese cabrón no va a recuperarte 



Si tu novio te deja sola 

Dimelo y yo paso a buscarte 

Solo me bastaran un par de horas 

Ese cabrón no va a recuperarte 



Llegale, siempre sabe cuando y donde es 

Se trajo otras amigas que tienen novio también 

Cada que toco P.R. ella sueltan su gato y caen donde papi 

Cuando me extraña y quiere que le meta 

De sorpresa llega a Medellín 

Con el siempre pierde y conmigo win 

Te pienso to' el día bien nasty 

Miles de mujeres, miles en botellas 

No es chimba si tú no estas aquí 

Dile la verdad al bobo ese 

Que no le dan los niveles y que tire a ver si puede 



A tu jevo (a tu jevo) 

Avisale (avisale) 

Que este fin de semana 

La pasas con to's tus panas y no con él 



Yo no juego (yo no juego) 

Avisale (avisale) 

Que encontraste reemplazo y que espere pa' un rato 



Si tu novio te deja sola 

Dimelo y yo paso a buscarte 

Solo me bastaran un par de horas 

Ese cabrón no va a recuperarte 



Si tu novio te deja sola 

Dimelo y yo paso a buscarte 

Solo me bastaran un par de horas 

Ese cabrón no va a recuperarte"
26,Arctic Monkeys,193426,2vQQfWTanvD99OeHLAoyhW,From The Ritz To The Rubble,"Whatever People Say I Am, That's What I'm Not",2006,0.216,0.882,11,-5.176,0,0.0439,0.00147,0.0,0.308,0.656,189.286,"Last night these two bouncers And one of em's alright The other one's the scary one His way or no way, totalatarian He's got no time for you Looking or breathing How he don't want you to So step out the queue He makes examples of you And there's nowt you can say Behind they go through to the bit where you pay And you realise then that it's finally the time To walk back past ten thousand eyes in the line And you can swap jumpers and make another move Instilled in your brain you've got something to prove To all the smirking faces and the boys in black Why can't they be pleasant? Why can't they have a laugh? He's got his hand in your chest He wants to give you a duff Well secrectly I think they want it all to kick off They want, arms flying everywhere and Bottles aswell it's just Something to talk about A story to tell you Well I'm so glad they turned us all away we'll put it down to fate I thought a thousand million things that I could never say this morning Got too deep, but how deep is too deep? This town's a different town today This town's a different town to what it was last night You couldn't have done that on a Sunday That girl's a different girl today Said that girl's a different girl to her you kissed last night You couldn't have done that on a Sunday Of course notWell I'm so glad they turned us all away we'll put it down to fate I thought a thousand million things that I could never think this morning Got too deep, but how deep is too deep? Last night is what we talked about It made so much sense But now the haze has ascended It don't make no sense anymore"
27,Manuel Turizo,216107,7ndTONDDRFGiPnnhOzOXxq,La Nota,La Nota,2020,0.736,0.632,11,-4.939,0,0.0648,0.18,0.0,0.349,0.503,92.03,"Yeah
Manuel Turizo
Uh-oh (Uh-ah-ah)
Sin hablar tú y yo nos entendemos
Ambos sabemo' lo que sigue

Y aprovecha que nos conocemos

Colaboremos pa' que se dé



Que la nota le suba pa' que mueva su cintura (Yeah-yeah)

Sabe que está bien dura

To' el mundo lo asegura (Woh-oh)

Que la nota le suba pa' que mueva su cintura (Yeah, yeah-yeah)

Sabe que está bien dura (Oh)

To' el mundo lo asegura (Mmm)



Ey, yo'

Ella quiere que la nota se le suba

Porque dice que e' libre como Venezuela y Cuba

Te conozco, ya yo te he visto desnuda

No' perdemo' como en el triángulo de Las Bermuda'

Parcerita, colabórame

Haciéndome el amor enamórame

Es que tú ere' una diosa, yo te adoro, amén (Amén)

Repitamo' de nuevo, ven, devórame

Y le dio conmigo

Mami, cáele al condominio

Con una como tú me alineo

Yo no creo que tenga marido, oh (Woh)

Pero se porta mal, no le importa na'

Sabe que despierta el deseo carnal

Hasta no comerme no se va a calmar

Lo mejor se da sin tener que planear



Que la nota le suba pa' que mueva su cintura (Oh-oh)

Sabe' que estás bien dura (Oh)

To' el mundo lo asegura (Oh-oh)

Que la nota le suba pa' que mueva su cintura (Yeah, yeah-yeah)

Sabe' que estás bien dura (Ah)

To' el mundo lo asegura (Mmm)



Ra-Rauw

Yo ya loco por dártelo (Uh-wuh)

Por eso te gardeo (¡Yah!)

Quiero que caiga un aguacero (Ey)

Mala mía si soy muy sincero (¡Yah!)

Vi mi Prada de mil, free pa' hasta pa'l lobby

Y la pista suena y en la disco se pone freaky (Wuh)

Todo' la quieren pero la nena e' picky

Soy el que sabe su' tricky (Eh; yeah-yeah)



Que la nota le suba pa' que mueva su cintura (Oh-oh)

Sabe' que estás bien dura (Oh)

To' el mundo lo asegura (Oh-oh)

Que la nota le suba pa' que mueva su cintura (Yeah-yeah)

Sabe' que está bien dura (Ah)

To' el mundo lo asegura (Woh)



Tú y yo tenemos un problema serio

Ven pa' hablarte claro, dejemo' el misterio (Ey)

Si tiene' novio hagamo' un adulterio (-terio)

Y si eres seria, yo me voy en serio (Ja)

Dura, qué linda figura

La gente murmura que tú y yo no' vemo', qué rico fue (Ah)

Ando con la calentura

Llevamo' la temperatura pa' que se dé

De nuevo (Oh), ven repítanos el juego (Jue-Jue-Juego)

No lo dejemos pa' luego

Donde yo te vea me pego y duro pa' la pared



Sin hablar tú y yo nos entendemos (Qué)

Ambos sabemo' lo que sigue (Eh-eh)

Aprovecha que nos conocemos

Colaboremos pa' que se dé



Que la nota le suba pa' que mueva su cintura (Oh-oh)

Sabe' que estás bien dura (Oh)

To' el mundo lo asegura (Oh-oh)

(Que la nota le suba pa' que mueva su cintura

Sabe' que estás bien dura

To' el mundo lo asegura)



Jeje

Manuel Turizo

Ra-Rauw (Duro pa' la pared)

Myke Towers

Dopamina

La Industria Inc"
28,Daddy Yankee,242160,6U2NuJILEOEpW2tVCuqKHb,Dura - Remix,Dura (Remix),2018,0.772,0.803,1,-3.035,1,0.0468,0.188,0.0,0.434,0.853,94.981,"(Me gusta mi reggae)
Natti Nat
Yeah-yeah-yeah-yeah (¡Fuee-!)
Becky-Becky-Becky G
Bad Bunny, baby
Sikirida-da, Daddy Yankee, yo'



Cuando yo la vi

Dije, ""Si esa mujer fuera para mí""

Perdóname, te lo tenía que decir



'Tás dura (dura), dura (dura)

Dura, dura, dura

Que estás dura, mano arriba porque tú te ves bien

'Tás dura, mamacita, te fuiste de nivel

Dura, mira como brilla tu piel

'Tás dura, dímelo, dímelo, ¿cómo es que e'?

'Tás dura, yo te doy un veinte de diez

'Tás dura, dura, dura



Búscate Limón y Tequi

Que así es como se prende Becky

De PG me pongo triple equi'

Porque las shorty-shorty son las del pique

¿Quieres conquistarme? Págame el ticket

Cuida'o, porque te vas a envolver

Cuida'o, las mujeres tienen poder

Cuida'o, aviso 'e peligro

Baila conmigo sin filtro (zumba)



Tienes el toque, toque, toque

Miren el material, edición especial

Tienes el toque, toque, toque

Perdóname, te lo tenía que decir



'Tás dura, dura

Dura, dura, dura

Que estás dura, mano arriba porque tú te ves bien

'Tás dura, mamacita, te fuiste de nivel (y es que)

Dura, mira como brilla tu piel

'Tás dura, dímelo, dímelo, ¿cómo es que e'? (dime)

Dura, yo te doy un veinte de diez (cómo)

'Tás dura, dura, dura (eh-eh-eh)



La dura de las dura'

Tengo sueltecita la cintura

Pa' bajarte to' esa calentura (cómo)

De nadie me dejo

Yo soy vegetariana pero me como al conejo (qué-qué-qué)

Cuida'o, porque te vas a envolver

Cuida'o, las mujeres tienen poder

Cuida'o, perreo sin filtro (yeh-yeh-yeh-yeh)

Soy la dura, me llaman ""Peligro""



Parece modelo, le sobra el piquete (huh)

Si fuera stripper le llovieran los billete' (yeh)

Antes que la nota se me trepe

Quiero bailar contigo pa' ver si tú le mete' (prru)

Plan B es Plan B

Yankee se la perrea y yo también

Dime por qué todavía no has subido el challenge

Si cuando tú llegas, baby, las demás se salen



Porque tú estás dura (oh), dura (eh)

Dura, dura, dura

Yo estoy dura, mano arriba porque luzco muy bien

'Toy dura, papacito, te subo de nivel

Dura, mira como brilla mi piel

Dura, yo lo meneo muy bien, así es que e'

Dura, tú me diste un veinte de diez

'Tás dura, dura, dura (¡fuimo'!)



Número uno, 'tás en primer lugar

Con esa baby yo quiero bailar

Y mami, cuando bailas quién te frene

Ere' una general, por eso te ves buena (uy)

Tira la pista, Urba

Mami, si tú eres calle, me pierdo en esa' curva' (uy)

Bailando tiene resistencia 'e maratón

Le llaman la reina del reggaetón (plo-plo-plo-plo)



Cuando yo la vi (dímelo, baby girl)

Dije: ""Si esa mujer fuera para mí"" (pa' mí esa baby)

Perdóname, te lo tenía que decir



'Tás dura (oh), dura (eh)

Dura, dura, dura

Que estás dura, mano arriba porque tú te ves bien

'Tás dura, mamacita, te fuiste de nivel

Dura, mira como brilla tu piel

'Tás dura, dímelo, dímelo, ¿cómo es que e'?

'Tás dura, yo te doy un veinte de diez

'Tás dura, dura, dura



Tú tienes el size, otra como tú mami no hay

Pégate, dale boom bye-bye

Papi, si tienes el size, vente, enséñame to' lo que hay

Pégate y dame boom bye-bye

Que tú tienes el size, otra como tú mami no hay

Pégate, dale boom bye bye

Papi, si tienes el size, vente, enséñame to' lo que hay

Pégate y dame boom bye-bye (eh-eh)



Retumbando las bocinas

Dirili-daddy, Becky, Natti, Bad Bunny

Nos fuimo' lejos

Sigan las reglas

Que aquí manda la remezcla (DY)

Dura, dura dura

¡Fuego!

(Evo Jedis)"
29,Justin Bieber,213560,0b1L4GuHRY7jLzcMdek3fP,Out Of Town Girl,Believe (Deluxe Edition),2012,0.594,0.879,9,-5.586,0,0.0715,0.126,6.32e-06,0.151,0.799,80.994,"If you were more like an out of town girl, what a girl, yeah, yeah
Get your hands up if you out of town girl, girl, girl, yeah, yeah
Hey baby I love your accent-cent-cent
I think I like you more because your different-ferent-ferent-ferent
Oh, I ain't gotta ask I can tell you here for me

Oh, what I gotta do just to show you that I watching-ing-ing



All you gotta do is read the signs

The exit is to the right, I don't know your name

But love your smile, I love the way you put it down, down, down



If you were more like an out of town girl, what a girl, yeah, yeah

Get your hands up if you out of town girl, girl, girl, yeah, yeah



You know I gotta hold it down for my out of town girl, yeah yeah

You can tell, you can tell, she's an out of town girl, girl, yeah, yeah



If you feeling me, let me know, we gon' ride the flow-ow-ow

I can be your passport, tell me where you wanna go-go-go

Girl don't be shy you won't know if you never try-try

When you walk by you're the only one that catches my eye-eye



All you gotta do is read the signs

The exit is to the right, I don't know your name

But love your smile, I love the way you put it down, down, down



If you were more like an out of town girl, what a girl, yeah, yeah

Get your hands up if you out of town girl, girl, girl, yeah, yeah



You know I gotta hold it down for my out of town girl, yeah yeah

You can tell, you can tell, she's an out of town girl, girl, yeah, yeah



All you gotta do is swag

All you gotta do is swag

All you gotta do is swag, swag, swag

All you gotta do is swag

All you gotta do is swag

All you gotta do is swag, swag, swag



If you were more like an out of town girl, what a girl, yeah, yeah

Get your hands up if you out of town girl, girl, girl, yeah, yeah



You know I gotta hold it down for my out of town girl, yeah yeah

You can tell, you can tell, she's an out of town girl, girl, yeah, yeah



Oh, no, no she's my out of town girl

She's my out of town girl, she's my out of town girl"
30,The Weeknd,200040,0VjIjW4GlUZAMYd2vXMi3b,Blinding Lights,After Hours,2020,0.514,0.73,1,-5.934,1,0.0598,0.00146,9.54e-05,0.0897,0.334,171.005,
31,Françoise Hardy,226826,6AxIQYB4hZhhwyUHTRkThH,Puisque vous partez en voyage,Clair Obscur,2000,0.571,0.401,10,-12.822,1,0.0426,0.665,0.0143,0.341,0.306,95.972,"{Parlé:}
""Savez-vous que c'est la première fois
Que nous nous séparons depuis que c'est arrivé ?
Remarquez que ça ne fait que quinze jours !
Evidemment quinze jours ce n'est pas très long...
Mais songez tout de même à ce que ça fait d'heures !""



Puisque vous partez en voyage

Puisque nous nous quittons ce soir

Mon coeur fait son apprentissage

Je veux sourire avec courage



Voyez j'ai posé vos bagages,

Marche avant, côté du couloir

Et pour les grands signaux d'usage

J'ai préparé mon grand mouchoir



Dans un instant le train démarre

Je resterai seul sur le quai

Et je vous verrai de la gare

Me dire adieu là-bas avec votre bouquet



Promettez-moi d'être bien sage

De penser à moi tous les jours

Et revenez dans notre cage

Où je guette votre retour.



{Parlé:}

Voilà, je vous ai trouvé une bonne place dans un compartiment

Où il y a une grosse dame et un vieux curé avec une barbe blanche.

Et puis je vous ai acheté deux livres... Le premier, c'est la vie des saintes...

Et l'autre, c'est l'exemple de bienheureuse Ernestine... Cela vous plaît ?



Puisque vous partez en voyage

Vous m'avez promis ma chérie

De m'écrire quatorze pages

Tous les matins ou davantage



Pour que je voie votre visage

Baissez la vitre je vous prie

C'est affreux je perds tout courage

Soudain je déteste Paris



Le contrôleur crie : ""En voiture""

Le cochon il sait pourtant bien

Que je dois rester, mais je jure

Que s'il le crie encore une fois, moi je viens



J'ai mon amour pour seul bagage

Et tout le reste je m'en fous

Puisque vous partez en voyage

Ma chérie... je pars avec vous"
32,Arctic Monkeys,181049,4atMrAadB7dS8xn9vfk9PQ,Fireside,AM,2013,0.538,0.953,9,-5.611,0,0.056,0.0234,0.00126,0.113,0.74,100.033,"I can't explain but I wanna try,
There's this image of you and I,
And it goes dancing by,
In the morning and the night time.
There's all these secrets I can't keep,

I give my heart there's that hotel suite,

And you live there so long,

It's kind of strange now you're gone.



I'm not sure if I should

Show you what I've found,

Has it gone for good

Or is it coming back around?

As in you have to make up your mind,

When your losing,

And your fuse is Fireside.



There's all those places we used to go,

And I suspect that you already know,

But that place on memory lane,

You like still looks the same,

But something about its changed.



I'm not sure if I should,

Show you what I've found,

Has it gone for good,

Or is it coming back around?

As in you have to make up your mind,

When your losing,

And your fuse is Fireside.



And I thought I was young,

Forever,

Or maybe I was mistaken,

But I just can't help manage to,

Get through the day without thinking of you lately.



I'm not sure if I should,

Show you what I've found,

Has it gone for good,

Or is it coming back around?

As in you have to make up your mind,

When your losing,

And your fuse is Fireside"
33,The Killers,246026,77Kh98jRHI40rIAKnBs7cl,Sam's Town,Sam's Town,2006,0.268,0.96,6,-4.596,0,0.0963,0.000217,0.00604,0.732,0.44,141.415,"Nobody ever had a dream round here,
but I don't really mind that it's starting to get to me
Nobody ever pulls the seams round here,
but I don't really mind that it's starting to get to me
I've got this energy beneath my feet

like something underground's gonna come up and carry me,

I've got this sentimental heart that beats

but I don't really mind that it's starting to get to me now



Why do you waste my time?

Is the answer to the question on your mind

And I'm sick of all my judges

so scared of what they'll find

But I know that I can make it

As long as somebody takes me home,

every now and then...



Well have you ever seen the lights?

Have you ever seen the lights?



I took a shuttle on a shockwave ride

where people on the pen pull the trigger for accolades

I took a bullet and I looked inside it

Running through my veins an American masquerade



I still remenber grandma Dixie's wake

I've never really known anybody to die before

Red white and blue upon a birthday cake

My brother, he was born on the fourth of the July...and that's all



Why do you waste my time?

Is the answer to the question on your mind

And I'm sick of all my judges

they're so scared of letting me shine

But I know that I can make it

As long as somebody takes me home

Wooooooo!

(every now and then)

(every now and then)



You know I see London, I see Sam's Town

holds my hand and let's my hair down

Rolls that world right off my shoulder

I see London, I see Sam's Town now"
34,Justin Bieber,171333,2L7rZWg9RLxIwnysmxm4xk,Boyfriend,Believe (Deluxe Edition),2012,0.717,0.55,10,-6.019,0,0.0519,0.0358,0.00198,0.126,0.331,96.979,"Paroles de la chanson Boyfriend par Justin Bieber
If I was your boyfriend, I’d never let you go 
I can take you places you ain’t never been before 
Baby take a chance or you’ll never ever know 
I got money in my hands that I’d really like to blow 
Swag, swag, swag, on you 
Chillin by the fire why we eatin’ fondue 
I don't know about me but I know about you 
So say hello to falsetto in three, two, swag

I’d like to be everything you want 
Hey girl, let me talk to you 

If I was your boyfriend, never let you go 
Keep you on my arm girl, you’d never be alone 

I can be a gentleman, anything you want 
If I was your boyfriend, I’d never let you go, I’d never let you go 

Tell me what you like yeah tell me what you don’t 
I could be your Buzz Lightyear fly across the globe 
I don’t ever wanna fight yeah, you already know 
Imma a make you shine bright like you’re laying in the snow 
Burr 
Girlfriend, girlfriend, you could be my girlfriend 
You could be my girlfriend until the w-w- world ends 
Make you dance do a spin and a twirl and 

Voice goin crazy on this hook like a whirl wind 
Swaggie 


I’d like to be everything you want 
Hey girl, let me talk to you 

If I was your boyfriend, never let you go 
Keep you on my arm girl you’d never be alone 
I can be a gentleman, anything you want 
If I was your boyfriend, I’d never let you go, I’d never let you go 

So give me a chance, ‘cause you’re all I need girl 
Spend a week wit your boy I’ll be calling you my girlfriend 
If I was your man, I’d never leave you girl 

I just want to love you, and treat you right 

If I was your boyfriend, never let you go 
Keep you on my arm girl you’d never be alone 
I can be a gentleman, anything you want 
If I was your boyfriend, I’d never let you go, never let you go 

Na na na, na na na, na na na 
Ya girl 
Na na na, na na na, na na na ey 
Na na na, na na na, na na na ey 
Na na na, na na na, na na na ey 

If I was your boyfriend"
35,Plan B,207528,2YAQa5dl4GWo0GuVliWvdR,Candy,Candy,2013,0.9,0.858,11,-3.814,0,0.112,0.275,0.0,0.56,0.592,96.006,
36,Françoise Hardy,148506,6g5qyQrAcoBX4X7XjxBoTO,Comment te dire adieu,Comment te dire adieu (Remasterisé en 2016),1968,0.711,0.586,10,-9.78,0,0.0514,0.435,6.48e-06,0.15,0.931,124.058,
37,Wallows,155146,5naar7XewEOAjOywIp6Jjq,Remember When,Nothing Happens,2019,0.504,0.708,11,-5.896,0,0.0343,0.00112,0.000424,0.788,0.51,82.009,"Thought I saw your shadow under the door
Just a trick of the light I've seen before
I can never tell what's real anymore
Anymore, anymore
I remember when we ran from the pool

All the decorations up in your room

And I couldn't find the right words to use

But I knew that you knew



It seems so long, it seems so long

The moments that stay, they turn out all wrong

When I look around, you're gone



Ohh, oh, oh

Ohh, oh, oh



All the places that we turn to

All the faces that remind you



I can still see you at the place out there when I close my eyes

Do you remember when we felt like the only two alive?

Don't let me be one of the people at sea, get lost, nomads

Would you rewind, do it all over again? Give it a chance



Ohh, oh, oh

Ohh, oh, oh

Ohh, oh, oh

Ohh, oh, oh"
38,The Strokes,222360,2ThdB23G9Rgf1ExndFGEEg,Tap Out,Comedown Machine,2013,0.737,0.745,9,-5.944,1,0.0351,0.0176,0.381,0.306,0.629,115.989,"They found our city under the water
Gotta get my hands on something new
You don't want to be without this
Something isn't adding up
Decide my past

Define my life

Don't ask questions

Cause I don't know why



Someone

Didn't wanna know their name

Drifting

You don't wanna know what's going down

Even though I really like your place

Somehow we don't have to know each other's name



They found our city under the water

I began to listen to your eyes

You don't want to live without it

Even others, they'd abide



Decide my past

Define my life

Don't ask questions

Cause I don't know why



Someone

Didn't wanna know their name

Drifting

You don't wanna know what's going down

Even though I really like your place

Somehow we don't have to know each other's name



Someone

I didn't wanna know their name

Drifting

You don't wanna know what's going down

Even though I really like your place

Somehow we don't have to know each other's name



Decide my past

Define my life

Don't ask questions

Cause I don't know why

I don't listen

And I don't speak

But list the talent

But I don't know why"
39,Wallows,247613,0Jgbauc8Nv2OOjR5ERW28B,Just Like A Movie,Trust Fall / Just Like A Movie,2019,0.449,0.825,11,-5.177,1,0.037,0.00121,0.0,0.208,0.223,135.934,
40,The Strokes,162040,7eX5SypK35V8Y9d9pS6rWy,I Can't Win,Room On Fire,2003,0.472,0.746,11,-4.816,1,0.0321,0.00581,0.663,0.0999,0.403,97.44,
41,Myke Towers,332240,6K5BsR04ijf3FHNzjbaagD,Si Se Da - Remix,Si Se da Remix,2019,0.817,0.672,11,-5.612,0,0.299,0.441,0.0,0.13,0.774,93.999,"Otra noche que llamó pa' verme
Tiene kush y haze también, pero sola no prende
(Z-Diddy)
Dice que no fuma, pero si yo prendo, ella le da, ella le da
Me dio un beso y le sentí allá abajo la humedad, uh-yeh

Es como andar en el mar navegando a ciegas

Eres una fantasma y no dejas que te vea



Eso le da cuando está en la soledad

Se castiga sin piedad, tú te viene' y te va'

Ella y las amiga' son una sociedad

Y saben lo que va a pasar con lo mío si se da (Pu-pum)

Eso le da cuando está en la soledad

Se castiga sin piedad, tú te viene' y te va' (Viene' y te va')

Ella y las amiga' son una sociedad

Y saben lo que va a pasar con lo mío si se da



(Este es Sech)

Es que si se da después del concierto

Quedamo' adentro de tu apartamento

Tú no ere' de aquí, lo noto por tu acento

No es amor, pero grita: ""¡Lo siento!""

Yo no soy de darle repeat, siempre lo escribo en lo' tweet'

Voy a hacer un tutorial pa' que te olvides de mí

Que no me saca de su mente, que regrese, que quedo caliente

Otra noche que llamó pa' verme

Tiene kush y haze también, pero sola no prende



La ma'i también 'tá dura y eso ella lo va a heredar (Je)

Estos bobo' me tiran, después quieren arreglar

La envidian, pero saben que no le van a llegar

A mí me da igual lo que ellos quieran alegar

'Tamos bebiendo Cognac y quemando moñas

En billetes de cien es que ella desenmoña

Las otras bailando a tu la'o parecen momias

Y a mí no se me olvida cómo yo te comía

Todavía eres mía, eso era, ¿cuáles son tus fantasías?

Y yo sin pensarlo, baby, te lo hacía

Yo te doy lo que tú exijas, la champaña está fría

Oye, si tú la deja', ella sola la vacía



Yo te doy lo que tú pida', pero no te me aproveches

En una semana, la vi como ocho vece'

¿Dónde quieres que te escriba? (¿En dónde, bebé?)

¿Por el Instagram o iMessage?

Frente a la gente no dejo que me besen



(Zion, baby)

Eso le da cuando está en la soledad

Se castiga sin piedad, tú te vienes y te va' (No)

Ella y las amiga' son una sociedad

Y saben lo que va a pasar con lo mío si se da, ay, ay



Esta noche se vistió provocante

Un vestido pa' que yo se lo levante

Se nota que le gustan los cantante'

Porque siempre pide que le cante

Zun Da Da, ya tiene la espalda sudada, de tanto bailarme así

Juraba que no tenía maldad, pero cuando le dan, se transforma

Se suelta, comienza a perder la paciencia

Mientras que me besa salvaje

No pone resistencia y lo hace sin prudencia

Loca porque le quite el traje

Me pide que le hable con autoridad

Que esta noche yo seré su prioridad

Que está cansada de la soledad

Por esa le da con llamarme



Eso le da cuando está en la soledad

Se castiga sin piedad, tú te viene' y te va' (Te va')

Ella y las amiga' son una sociedad

Y saben lo que va a pasá' con lo mío si se da



(Auh; yah)

Y si la cosa se da y tengo la oportunidad

Y se te da un poquito más de lo que das

Entonce', yo te voy a dar tan duro

Que va' a terminar diciendo: ""Ya no más"" (Jaja)

Ven y pruébame, y verás de lo que yo soy capaz

Que estoy duro en la cama, luego dirás (Yah; Austin, baby)

Esta noche, vamos privado, olvídate del first class

Hoy tú andas con una estrella fugaz (Así que pide más)

Ponte creativa, activa tu curiosidad

Dale espacio a que brille en ti toda esa vanidad (Yah)

Tú andas suelta, finísima, riquísima

Soltera, solicitada y pa' colmo, putísima (Auh)



Eso le da cuando está en la soledad

Se castiga sin piedad, tú te viene' y te va' (Lama)

Ella y las amiga' son una sociedad

Y saben lo que va a pasar con lo mío si se da (Young Kingz)

Eso le da cuando está en la soledad

Se castiga sin piedad, tú te viene' y te va'

Ella y las amiga' son una sociedad

Y saben lo que va a pasar con lo mío si se da



(Pri, yah, yah, yah, ¡Farru'!)

Y si se da, baby, te sacaste la loto

Porque ando con par de peso' y hoy contigo los exploto' (¡Pa!)

Dile a tu amiga que dejé de estar grabando

Que no sea peliculera y deje 'e estar tirando foto'

Que andamo' rulay, pide que hay

Aquí tengo par de moña' y el Blue me lo bajo straight (Pu-pu-pum)

La galla anda activa, yo también activo

Y estoy loco 'e pillarla y de guayarle el estribo (Tra, tra)

A ver si como ronca se menea, la abusadora

Estoy que la secuestro y me la llevo de aquí ahora (¡Pa!)

A ver si e' verdá' que ella está pa' mí o se pegó a chapiar al VIP

Y no caliente' la comida si no te la va' a comer

Ya tú no ere' una nena, baby, tú ere' una mujer

Sabe' que si me pego te tiene' que ir a to'a

(Dime, háblame claro, si se da nos vamo' a to'a)



(Young Kingz, baby)

Dice que no fuma, pero si yo prendo, ella le da, ella le da

Entraba a las discoteca' sin tener la edad, uh-yeh

Es como andar en el mar navegando a ciegas

Eres una fantasma y no dejas que te vea



Tú sabe' a lo que vamo' cuando tú y yo nos juntamo', baby

(Yah-yah-yah)

¡Farru'!

Zion, baby-y-y

This is the remix

*Austin, baby*

Myke Towers, baby

Junto a Montana The Producer y Los Illusions

Young Kingz, baby

Baby Records

Casablanca Records

This is the remix

One World

Come on

Carbon Fiber Music

¡Gangalee!"
42,Arctic Monkeys,161123,086myS9r57YsLbJpU0TgK9,Why'd You Only Call Me When You're High?,AM,2013,0.691,0.631,2,-6.478,1,0.0368,0.0483,1.13e-05,0.104,0.8,92.004,"The mirror's image
tells me it's home time
But I'm not finished
Cause you're not by my side
And as I arrived, I thought I saw you leaving

carrying your shoes

decided that once again I was just dreaming

of bumping into you.



Now it's three in the morning

and I'm trying to change your mind

left you multiple missed calls

And to my message, you reply



Why'd you only call me when you're high?

High

High, Why'd you only call me when you're high?



Somewhere darker

talking the same shite

I need a partner

Well, are you out tonight?

It's harder and harder to get you to listen

'more i get through the gears

incapable of making alright decisons

and having bad ideas



Now it's three in the morning

and I'm trying to change your mind

left you multiple missed calls

And to my message you reply

(Message you reply)

Why'd you only call me when you're high?

(Why'd you only call me)



High, Why'd you only call me when you're high?



And I can't see you here, 

wondering where am I?

sorta feels like i'm running out of time

I haven't found what i was hoping to find



You said you gotta be up in the morning

gonna have an early night

then you started to bore me

baby why'd you only call me when you're high?



Why'd you only ever phone me when you're high?

Why'd you only ever phone me when you're high?

Why'd you only ever phone me when you're high?

Why'd you only ever phone me when you're high?"
43,The Killers,177013,1HYqPrclocbfzbccEBChLt,Forget About What I Said,Day & Age,2008,0.371,0.981,1,-2.992,1,0.103,0.00309,0.0297,0.249,0.381,156.097,
44,Arctic Monkeys,202133,2zzLRQ78kKfPTx8FJQCdC2,When The Sun Goes Down,"Whatever People Say I Am, That's What I'm Not",2006,0.348,0.875,11,-4.758,0,0.199,0.0341,0.0,0.117,0.407,169.152,"So who's that girl there? 
I wonder what went wrong
So that she had to roam the streets
She don't do major credit cards
I doubt she does receipts
It's all not quite legitimate

And what a scummy man

Just give him half a chance

I bet he'll rob you if he can

Can see it in his eyes, yeah

That he's got a driving ban

Amongst some other offences

And I've seen him with girls of the night

He told Roxanne to put on her red light

They're all infected but he'll be alright

'Cause he's a scumbag, don't you know

I said he's a scumbag, don't you know!

Although you're trying not to listen

I bet your eyes are staring at the ground

She makes a subtle proposition

I'm sorry love I'll have to turn you down

And oh he must be up to something

Want half a chance to show he's more than likely

I've got a feeling in my stomach

I start to wonder what his story might be

What his story might be

They said it changes when the sun goes down

And they said it changes when the sun goes down

And they said it changes when the sun goes down

Around here

Around, here

And look here comes a ford mondeo

Isn't he mister inconspicuous

And he don't have to say 'owt

She's in the stance ready to get picked up

And she's delighted when she sees him

Pulling in and giving her the eye

Because she must be fucking freezing

Scantily clad beneath the clear night sky

And don't stop in the winter no and

They said it changes when the sun goes down

And they said it changes when the sun goes down

And they said it changes when the sun goes down

Around here

They said it changes when the sun goes down

Over the river going out of town

And they said it changes when the sun goes down

Around here

Around here

And what a scummy man

Just give him half a chance

I bet he'll rob you if he can

Can see it in his eyes that he's got a nasty plan

I hope you're not involved at all"
45,Arctic Monkeys,183506,3czdA0j4iaLDJJCoT5D8iP,Don't Sit Down 'Cause I've Moved Your Chair,Suck It and See,2011,0.434,0.912,9,-5.148,1,0.0451,0.0191,0.278,0.326,0.315,119.729,"Break a mirror
Role the dice
Run with scissors 
through a chip pan fire fight 
Go into business 

with a grizzly bear

But just don't sit down 

cause I've moved your chair



Find a well known hard man

Start a fight

Wear your shell suit 

on bonfire night



Fill in a circular hole 

with a peg thats square

But just don't sit down 

cause I've moved your chair



Oh

Yeah yeah yeah

Oh

Yeah yeah yeah



Bite the lightning

And tell me how it tastes

Kung-fu fighting

On your roller skates



Do the macarena 

in the devil's lair

But just don't sit down 

cause I've moved your chair



Oh

Yeah yeah yeah

Oh

Yeah yeah yeah

Oh

Yeah yeah yeah

Oh







(Thanks to ellenshark, Likemymusicloud and ICORRECTUZNAOW for correcting these lyrics)"
46,Justin Bieber,220973,3OXesBdYcfKqUUgCzNH5Lg,Fall,Believe Acoustic,2013,0.4,0.366,8,-6.821,1,0.0398,0.828,0.0,0.111,0.625,77.317,
47,Guns N' Roses,354520,7o2CTH4ctstm8TNelqjb51,Sweet Child O' Mine,Appetite For Destruction,1987,0.454,0.91,6,-7.766,1,0.0448,0.0866,0.0996,0.116,0.629,125.116,"She's got a smile that it seems to me
Reminds me of childhood memories
Where everything was as fresh as the bright blue sky
Now and then when I see her face
She takes me away to that special place
And if I'd stare too long, I'd probably break down and cry



Oh, oh, oh

Sweet child o' mine

Oh, oh, oh, oh

Sweet love of mine



She's got eyes of the bluest skies

As if they thought of rain

I hate to look into those eyes and see an ounce of pain

Her hair reminds me of a warm safe place

Where as a child I'd hide

And pray for the thunder and the rain

To quietly pass me by



Oh, oh, oh

Sweet child o' mine

Oh, oh, oh, oh

Sweet love of mine



Oh, oh, oh, oh

Sweet child o' mine

Oh, oh, oh, oh

Sweet love of mine



Oh, oh, oh, oh

Sweet child o' mine

Oh,

Sweet love of mine



Where do we go?

Where do we go now?

Where do we go?

Oh, oh

Where do we go?

Oh,

Where do we go now?

Where do we go?

Oh, (sweet child)

Where do we go now?

Oh,

Where do we go now?

Oh,

Where do we go?

Oh,

Where do we go now?

Oh,

Where do we go?

Where do we go now?

Where do we go?

Oh,

Where do we go now?

No, no, no, no, no, no

Sweet child,

Sweet child of mine"
48,Young Martino,422576,1QaCsLoKEWVujL3owyyei4,Only Fans - Remix,Only Fans (Remix),2020,0.722,0.745,1,-5.559,0,0.345,0.422,0.0,0.191,0.818,163.012,"Martino, déjala caer
Me acuerdo que un día te vi, pero no te di (No te di)
Y te lo juro, mami, que me arrepentí (Me arrepentí)
Con el tiempo vi un video por ahí
Y en OnlyFans rápido me suscribí
Te juro que me la viví (Eso e' así), que sí me la viví (Hah)

Chequea la cuenta, mi nombre está en los tips (¡Woh-oh!)

Me paso bellaco to' el día, eso e' por ti (Eso e' así)

Y por lo que veo tú chingando ere' feli'



Y e' una santa en Instagram (Eso e' así), y e' una puta en OnlyFans (Hah)

La baby lo' tiene de fans (Pa' que sepa), le pagan, pero no le dan

Y no' gastamo' to' lo' chavo que le dan (Por ley)

Competimo' a ver quién gana' má' (Sheesh)

OnlyFans, pero yo el only one (El only one)

Lo' que miran, miran, pero no le dan (Na')

Y e' una santa en Instagram (Yeah), pero si vieran el OnlyFans

La baby me tiene de fan (Prr), le pagan, pero no le dan (Nah)

Y e' una santa en Instagram (Yeah), pero si vieran el OnlyFans

La baby me tiene de fan (Prr), le pagan, pero no le dan (Nah)



(Los Marciano')

Ey, y ella e' la má' viral del Twitter

Le han cancela'o un par de Instagram (De Instagram; ey)

Por su contenido sexual (Shiuf)

Tatuaje 'e mariposa en las nalga' (¡Fiu!)

Pa' verla aplaudir hay que pagar

Tengo el casete pa' ese Game Boy

Usa mi bicho de toy

No la busque' que está en busca de hacer ticke' a lo Floyd

Y cuando ella me dé el call, me pongo en modo sport

Y como Zion: yo voy, voy, voy



En solo un día con el OnlyFans

Le entraron treinta mil directo pa'l PayPal

Se monta en mi bicho y quiere ran-kan-kan

Ese culo está grande, hay que darle bam-bam-bam

En solo un día con el OnlyFans

Le entraron treinta mil directo pa'l PayPal

Celebrando a lo grande, ella se fue mundial

Cobra pa' un mes porque está verificá'



Easy Money, baby

Tú me tiene' a mí gastando, mejor dicho invirtiendo

Y por ahí se dice que Towers le está metiendo

Ella 'tá haciendo mile' largo', yo no te estoy mintiendo

Masturbándose con mis cancione' e' que la tengo

Mucho' le pagan por verla, yo la tengo de grati'

Ese booty e' illuminati, sexo rudo, no romantic

Chiquitita como Jacky, criminal como Natti

Está detrá' del money, yo 'e lo que tiene detrá' del panty

Me tuve que suscribir, me hice fan cuando la vi

Tú me pone' bien bellaco, saca' lo mejor de mí

Imposible que no me fuera a enviciar cuando le di

Baby, la Playboy tiene que hacerte un deal



Y baila, que te quiero ver en panty Chanel (Hah)

¿Y a que huele esa cremita, ma', que te unta' en tu piel? (E' así)

Tú tiene' to' lo' juguete' y de la' rede' el poder (Pa' que sepa)

Y ese culo e' el final, to' el mundo lo quiere ver

Y tú a mí me tiene' loco, casi ni duermo

'Toy seguro que ese polvo será eterno

Mándame el location, que yo pago más por verlo

Y si tú ere' la diabla, llévame pa' tu infierno



Y e' una santa en Instagram (Yeah), pero si vieran el OnlyFans

La baby me tiene de fan (Prru), le pagan, pero no le dan (Nah)

Y e' una santa en Instagram, pero si vieran el OnlyFans (¿Me sigue' o no me sigue' todavía, cabrón?)

La baby me tiene de fan, le pagan, pero no le dan



Ya no le importa el qué dirán

Ella solamente quiere generar

Puso ese culo y ese toto a facturar (Facturar)

Agrégala en el OnlyFans

Pa'l VIP pide do' mil peso' en Ocean Park (Ey)

Y ella sabe lo que va a pasar

Yo le gasto to' los chavo semanal

Dijo: ""Jhayco, tú me va' a costear""

La Presión (La Presión, ey)



(Austin, ""La Marizon""; ey, wah)

Yo quisiera darle to' los fine' de semana (-mana)

Llevarla de vacacione' a una villa en Punta Cana (Cana)

Pero ella cobra y tiene una actitud que a vece' e' rara (Rara)

Por par de peso' te lo para y no le ven la cara, cara (Eh, eh, pum)

Súbete, mami (Mami), te ve' criminal (Oh)

Ahora tócate, mami (Mami), que yo me voy a tocar (Oh)

Me tiene' loquito viendo todo hasta el final (Uh)

Pero por eso me cobra una cuota mensual (Uh)

A vece' no sube na' y me saca de quicio (Quicio)

Ver ese culito se convirtió en mi vicio (Vicio)

Pa' hablarte claro, ella no tiene desperdicio (Lama)

Por eso to' los meses sin pensarlo yo la auspicio (Austin, baby)



(Jajaja, Real G4 Life, baby)

OnlyFans, only one, y se mudó pa' San Juan

Hay un par de rascabicho' que pagan y no le dan

La quieren, la desean, no saben ni dónde están

Ese culo e' mío, hijos de puta, dejen el afán

No existe un cabrón que la distraiga

Y el que trate de tocarla ella misma se presta pa' que el ratón caiga

Conmigo desnuda siempre baila

Marihuana tráela, que te voy a hacer volar como una Gayla

De hotel en hotele', desborda'o de los placere'

Sigue' ascendiendo los nivele'

Síguela en el OnlyFans, que ella e' la má' dura de ese clan

Tiene un culo cabrón, le pagan, pero no le dan



Factura miles semanal

Tiene un talento bien cabrón pa' tentar

Haciendo chavo' directo del celular (Del celular)

Dice que yo soy su cliente especial (Yeah, yeah)

Cuando chingamos siempre se quiere grabar

Snapchat Premium, ya no usa el regular

Tiene una amiga igual y la quiere invitar (-tar)

No e' lo que tiene, e' lo bien que lo sabe usar

No e' lo mismo el contenido del Instagram

¿Explícita? Depende quién le pague má'

Yo no la celo ni pienso en el qué dirán (Yo')

Fronteo con ella y la baby se luce má' (Sheesh)



Por los aires se toca pa'l que pague la cuota

Se graba en su nota y de frente ni se nota (Yah)

Que e' la de lo' video', moviendo esas nalgota' (Brr)

En Instagram una y en Only otra

No llama, pero me textea (¡Wuh!), pa' que la vea

Con chavo' le frontea (Cash), a to' estos locos sin ideas (Yah)

Sin saber que no' vamo' de viaje y con eso costea

Por mujere' no pelea, ella la' desea

Toda' terminan en casa (Casa)

Bellaqueando, fumando melaza (¡Sheesh!)

Bad bitch, orgullosa de su raza (Raza), yeah

Factura y no sale de Plaza (Na')

Y en la cámara se desplaza, yeah (¡Sheesh!)



Y e' una santa en Instagram (Yah), pero si vieran el OnlyFans

La baby me tiene de fan (Prru), le pagan, pero no le dan (Nah)

Y e' una santa en Instagram, pero si vieran el OnlyFans

La baby me tiene de fan, le pagan pero no le dan



Martino, déjala caer

Yeah, tú sigue haciendo lo que está' haciendo, mi amor, que

Estás ganando el dinero honradamente, muy bien

Esto e' de parte de Las Oveja' Negras

El Young King, baby

Young Martino

¿Me sigue' o no me sigue' todavía, cabrón?

Austin ""La Marizon""

Joyce Santana

Brray

Sheesh

Prra

Martino, déjala caer"
49,The Hives,226466,0GbEleS0tr7mLF3tZTP3aI,Won't Be Long,The Black And White Album,2007,0.61,0.928,1,-3.072,0,0.0324,0.00484,0.000117,0.187,0.723,150.001,"No bright lights
no big city
went to my head
so I wont stick around in this town
No I'm getting out instead

cause I can't find a thing and get it done

raise my heart and ring my ears

so I wont be stick around in this town

that's true



cause I won't

and I can't

and I don't understand

You've become what you hate,

or you hate what you've become?



got me a ticket and I won't be long

cause I can't go on

and I gotta get gone

got me a ticket and I won't be long

cause I can't go on

and I gotta get gone away



so I make my way through the quagmire

who's glorifying me?

you've passed the ... in this city

so if I may be excused



cause I won't

and I can't

and I don't understand



You've become what you hate,

or you hate what you've become?



got me a ticket and I won't be long

cause I can't go on

and I gotta get gone 

(x3)

got me a ticket and I won't be long

cause I can't go on

and I gotta get gone away



well I won't be around for the good times

won't be around for the bad

and I won't stick around in this town

no I'm getting out instead



and I won't

and I can't

and I live cause I can

and I won't be back again



Well I got me a ticket and I won't be long

cause I can't go on

and I gotta get gone

(x3)

got me a ticket and I won't be long

cause I can't go on

and I gotta get gone away



and I gotta get gone away

cos I gotta get gone away

gotta get gone away"
